,Turbulences
2009-06-16,
2009-06-17,57.14471673801038
2009-06-18,64.1752678318982
2009-06-19,48.08612932838908
2009-06-22,51.614612950890724
2009-06-23,42.90922551529852
2009-06-24,65.53354037331796
2009-06-25,59.773879442899016
2009-06-26,32.945893441357086
2009-06-29,29.088802809823854
2009-06-30,39.03063404993327
2009-07-01,30.286476939001826
2009-07-02,40.27280219854885
2009-07-06,52.62424588286536
2009-07-07,38.144707616954506
2009-07-08,40.233688078613206
2009-07-09,33.77915829464402
2009-07-10,23.516263027565813
2009-07-13,49.22785366807087
2009-07-14,24.08412539649388
2009-07-15,48.103808675782695
2009-07-16,99.56071608170676
2009-07-17,26.775761517430286
2009-07-20,62.69310519085909
2009-07-21,193.42335032176265
2009-07-22,61.74614591354342
2009-07-23,181.5203970425073
2009-07-24,56.22377971595918
2009-07-27,42.7083564736535
2009-07-28,34.21428401715744
2009-07-29,27.193032259461237
2009-07-30,25.46867949648457
2009-07-31,37.45231706285311
2009-08-03,38.608213507676815
2009-08-04,130.39147463214883
2009-08-05,60.15905066877996
2009-08-06,65.11831682471558
2009-08-07,30.23129622876667
2009-08-10,43.55927410777807
2009-08-11,32.925308374628784
2009-08-12,36.68057874065068
2009-08-13,30.893122725091846
2009-08-14,22.27589970042513
2009-08-17,41.19813432551769
2009-08-18,22.208373089305432
2009-08-19,20.371157664216604
2009-08-20,19.41685901065732
2009-08-21,34.90886858818829
2009-08-24,19.935016991560968
2009-08-25,25.206200035373357
2009-08-26,20.48232304993688
2009-08-27,14.878268303570515
2009-08-28,34.66841687093477
2009-08-31,14.481549340061614
2009-09-01,35.78977541626541
2009-09-02,32.86810973186729
2009-09-03,50.931245981777195
2009-09-04,11.370779414939932
2009-09-08,28.565480284075033
2009-09-09,41.641172698157575
2009-09-10,38.06229382437619
2009-09-11,70.27528065022527
2009-09-14,27.337848206179597
2009-09-15,52.523274295831136
2009-09-16,62.35473986294983
2009-09-17,85.68163535766911
2009-09-18,20.98997714354586
2009-09-21,27.459680245973043
2009-09-22,44.55222580292706
2009-09-23,33.42567341351167
2009-09-24,29.359449359629057
2009-09-25,33.76635911442895
2009-09-28,17.941895805628327
2009-09-29,26.845046660253225
2009-09-30,16.925497159402678
2009-10-01,39.07040568231504
2009-10-02,58.157959958965996
2009-10-05,50.565623114545176
2009-10-06,26.223701453143075
2009-10-07,53.64097312323215
2009-10-08,39.046139819482434
2009-10-09,35.665046169672074
2009-10-12,31.456966600578827
2009-10-13,29.719777656883327
2009-10-14,41.369994933661495
2009-10-15,44.52996140036187
2009-10-16,42.771014746038475
2009-10-19,35.451781155509686
2009-10-20,80.71153823727857
2009-10-21,98.55286630941534
2009-10-22,54.8946958549409
2009-10-23,45.209205320238915
2009-10-26,25.366906961988988
2009-10-27,23.035182957806246
2009-10-28,47.59974075465243
2009-10-29,72.70680697260067
2009-10-30,16.30408801960315
2009-11-02,14.062004078202106
2009-11-03,28.851973458930466
2009-11-04,65.09067239306191
2009-11-05,28.93635771991239
2009-11-06,50.37100778064189
2009-11-09,32.89953491992547
2009-11-10,25.895294377775436
2009-11-11,51.49047084833898
2009-11-12,23.35721742477108
2009-11-13,28.178291451850065
2009-11-16,34.17590641551869
2009-11-17,21.326006923296134
2009-11-18,25.06750342963881
2009-11-19,21.253420336058543
2009-11-20,22.627963909920158
2009-11-23,23.74835610497015
2009-11-24,16.140654210966872
2009-11-25,20.397206803548645
2009-11-27,9.476436703054976
2009-11-30,41.14310865015059
2009-12-01,55.00967566330742
2009-12-02,39.98365221966184
2009-12-03,28.06984125500894
2009-12-04,28.68987427021861
2009-12-07,76.3281390045514
2009-12-08,41.04474824496858
2009-12-09,42.08718679802165
2009-12-10,55.557511521662605
2009-12-11,61.68260609933838
2009-12-14,21.933484436225903
2009-12-15,21.185029743631695
2009-12-16,51.736657206653135
2009-12-17,45.95796520214666
2009-12-18,48.17022245033891
2009-12-21,23.38000858496972
2009-12-22,15.487268288005602
2009-12-23,31.527015226907167
2009-12-24,7.206817878913468
2009-12-28,9.41333735759067
2009-12-29,11.891244978593129
2009-12-30,11.683554959108898
2009-12-31,10.204783776261129
2010-01-04,25.867669453118364
2010-01-05,45.33569474003003
2010-01-06,39.35767226398912
2010-01-07,51.696014123604094
2010-01-08,44.28379856202139
2010-01-11,69.53724496458368
2010-01-12,32.30620797336502
2010-01-13,22.476394192580116
2010-01-14,47.14134127657671
2010-01-15,23.115320201140083
2010-01-19,29.17282567241431
2010-01-20,22.642521192921794
2010-01-21,89.59332771680005
2010-01-22,27.455019188499218
2010-01-25,14.551650567507984
2010-01-26,31.380630491456508
2010-01-27,59.42340994051637
2010-01-28,183.5050558867205
2010-01-29,46.45828278338512
2010-02-01,39.670284832387495
2010-02-02,22.458573317102303
2010-02-03,32.86699074663077
2010-02-04,75.29313224430781
2010-02-05,32.9034141255897
2010-02-08,44.46190889250022
2010-02-09,72.82781210345519
2010-02-10,31.644153556908066
2010-02-11,29.829432608737243
2010-02-12,19.735920635409187
2010-02-16,18.878348756444264
2010-02-17,18.279696173727743
2010-02-18,25.251270643569168
2010-02-19,20.9882453987071
2010-02-22,18.89615314207393
2010-02-23,16.012357491938207
2010-02-24,17.768164286370915
2010-02-25,38.28584695729149
2010-02-26,28.817269027209186
2010-03-01,41.150760082024
2010-03-02,40.16603829113464
2010-03-03,19.634941987688094
2010-03-04,10.703176757087608
2010-03-05,26.728227443853612
2010-03-08,26.405528704741116
2010-03-09,19.745179995063182
2010-03-10,16.957327893700114
2010-03-11,14.835722613465702
2010-03-12,16.101284226370467
2010-03-15,16.411595043666562
2010-03-16,10.275632371852927
2010-03-17,7.462335287030211
2010-03-18,32.9342219558012
2010-03-19,17.02123540413728
2010-03-22,28.53230247284596
2010-03-23,24.76157302906978
2010-03-24,11.568102920126623
2010-03-25,28.27652203076004
2010-03-26,12.030919568595435
2010-03-29,12.773412663623493
2010-03-30,20.20967262414876
2010-03-31,15.586949235191922
2010-04-01,18.972426939523828
2010-04-05,20.719469264274412
2010-04-06,26.988719965055584
2010-04-07,22.73327960711308
2010-04-08,22.13677556662547
2010-04-09,13.095441096020703
2010-04-12,13.84390855428444
2010-04-13,22.70404555713295
2010-04-14,25.823501873005906
2010-04-15,18.967115344189878
2010-04-16,25.275389861585595
2010-04-19,20.361729279337453
2010-04-20,17.6544031576736
2010-04-21,74.3901068640571
2010-04-22,157.21097769213847
2010-04-23,49.901857592277544
2010-04-26,33.04546534865131
2010-04-27,20.742300888593505
2010-04-28,16.262905244899294
2010-04-29,51.232313715921286
2010-04-30,32.31515811493726
2010-05-03,28.929584743821255
2010-05-04,34.402704032440994
2010-05-05,44.248122968522274
2010-05-06,37.883549530796124
2010-05-07,32.962014895191665
2010-05-10,58.37090579642277
2010-05-11,26.69896417156703
2010-05-12,52.41150166397333
2010-05-13,20.77890121387104
2010-05-14,75.02938790464158
2010-05-17,18.62696409838572
2010-05-18,23.616674977228964
2010-05-19,24.8794613478516
2010-05-20,47.49271384132787
2010-05-21,49.675990742283766
2010-05-24,25.339041906884617
2010-05-25,24.267997390031194
2010-05-26,54.44867045943366
2010-05-27,49.0457492699799
2010-05-28,18.038296606894992
2010-06-01,16.52386880152048
2010-06-02,22.17494025658953
2010-06-03,21.3468428915024
2010-06-04,32.223526528438114
2010-06-07,60.754339420505985
2010-06-08,34.5676093376031
2010-06-09,17.934351713420913
2010-06-10,31.525397262082727
2010-06-11,21.48545991692607
2010-06-14,19.008935510525784
2010-06-15,26.76343000077909
2010-06-16,63.36735537240042
2010-06-17,18.081907143461926
2010-06-18,9.089770228226289
2010-06-21,31.966475733597505
2010-06-22,22.812203410408664
2010-06-23,9.309529450959888
2010-06-24,26.126899029271744
2010-06-25,50.27689825064788
2010-06-28,37.343054479233096
2010-06-29,33.980750420520785
2010-06-30,20.468151952320653
2010-07-01,32.28631511654256
2010-07-02,28.090618916055128
2010-07-06,22.96955516406994
2010-07-07,26.31483758099896
2010-07-08,63.51131256966056
2010-07-09,23.995697205837175
2010-07-12,25.95236477755679
2010-07-13,22.33944246751417
2010-07-14,15.148612353018718
2010-07-15,15.356934930141467
2010-07-16,50.58104787388727
2010-07-19,30.03071342373953
2010-07-20,82.41044245953304
2010-07-21,65.59082060413569
2010-07-22,96.49662299653751
2010-07-23,71.65199761817199
2010-07-26,33.22062189651348
2010-07-27,22.789279596133913
2010-07-28,19.155386527914768
2010-07-29,34.70970133448922
2010-07-30,30.42725963658489
2010-08-02,41.7162631031828
2010-08-03,21.42367349894666
2010-08-04,30.607566958588542
2010-08-05,14.662382557097649
2010-08-06,17.83108618914291
2010-08-09,21.709665916749877
2010-08-10,28.6875887578609
2010-08-11,53.86369537685558
2010-08-12,37.81813721758039
2010-08-13,25.697498011631755
2010-08-16,14.45022906756885
2010-08-17,47.562853856232564
2010-08-18,16.113008853815582
2010-08-19,41.50925510845431
2010-08-20,17.951729830721316
2010-08-23,21.702931002444323
2010-08-24,17.165411479008938
2010-08-25,11.39794960478343
2010-08-26,13.679609178351534
2010-08-27,16.15054798361129
2010-08-30,14.596745290756
2010-08-31,22.4124416272018
2010-09-01,32.73834473742225
2010-09-02,12.88021938326663
2010-09-03,10.191891083728207
2010-09-07,60.420466818224924
2010-09-08,32.233326942095914
2010-09-09,30.10524942973593
2010-09-10,21.291323323063995
2010-09-13,32.21883418504152
2010-09-14,35.66792733754042
2010-09-15,30.529113087382115
2010-09-16,20.670488595509166
2010-09-17,74.31093291952568
2010-09-20,10.559503352003368
2010-09-21,36.43838309894362
2010-09-22,25.780161263060243
2010-09-23,14.710813484094531
2010-09-24,26.17529885679132
2010-09-27,9.208836546065191
2010-09-28,10.060132199247695
2010-09-29,13.519258327745268
2010-09-30,15.851984993446868
2010-10-01,32.8709993260191
2010-10-04,14.770662438921274
2010-10-05,18.62305980707383
2010-10-06,17.46671925463608
2010-10-07,29.26024436708119
2010-10-08,22.45212788462814
2010-10-11,10.46397130707035
2010-10-12,32.31043701922067
2010-10-13,30.952897460419837
2010-10-14,28.819718981945268
2010-10-15,34.34375560607091
2010-10-18,31.403672705781148
2010-10-19,32.359571622340724
2010-10-20,80.79316056750774
2010-10-21,72.46084644477295
2010-10-22,90.23624022780187
2010-10-25,14.128993347715781
2010-10-26,20.173082358435146
2010-10-27,22.897099124018833
2010-10-28,19.28111237111688
2010-10-29,25.339372417874916
2010-11-01,12.577821654361648
2010-11-02,16.305788153310623
2010-11-03,24.869508151226015
2010-11-04,45.375236903296354
2010-11-05,45.42184552139896
2010-11-08,9.881076000157883
2010-11-09,15.213554091891126
2010-11-10,16.058886161051003
2010-11-11,18.61584414545904
2010-11-12,26.657496959620843
2010-11-15,14.467441176168018
2010-11-16,24.75185305807139
2010-11-17,36.41035003692133
2010-11-18,17.958430027526557
2010-11-19,14.622746741139862
2010-11-22,21.26923865235377
2010-11-23,15.479227515644887
2010-11-24,12.038222991355806
2010-11-26,7.818231198959547
2010-11-29,39.94248531160205
2010-11-30,23.975748813995207
2010-12-01,34.51258626112598
2010-12-02,61.329807603866115
2010-12-03,27.06547320266703
2010-12-06,13.549044334839953
2010-12-07,19.546335445097814
2010-12-08,24.1154918619509
2010-12-09,23.982157834733094
2010-12-10,12.197669795255072
2010-12-13,27.632706131625625
2010-12-14,28.752698147094613
2010-12-15,17.26270688828014
2010-12-16,85.61927952268734
2010-12-17,26.25725495799112
2010-12-20,5.881743682461174
2010-12-21,30.291561676154082
2010-12-22,10.618292673718747
2010-12-23,8.261905642337137
2010-12-27,13.038839172819694
2010-12-28,3.892621033856983
2010-12-29,7.0459574318910025
2010-12-30,6.970550299213919
2010-12-31,12.988364512806262
2011-01-03,33.38843300385808
2011-01-04,42.501420227935064
2011-01-05,45.078834948773434
2011-01-06,101.42216735219417
2011-01-07,19.139500362883034
2011-01-10,19.370907170274553
2011-01-11,19.71521172781773
2011-01-12,64.98638057758463
2011-01-13,77.53006390820171
2011-01-14,20.153708652554442
2011-01-18,60.953586224175766
2011-01-19,21.407090458867476
2011-01-20,51.77008206407445
2011-01-21,22.17031802939926
2011-01-24,49.11809273562574
2011-01-25,31.74724077670824
2011-01-26,26.626417344707807
2011-01-27,75.83971732236584
2011-01-28,25.076253388541165
2011-01-31,20.672573121707693
2011-02-01,29.804935018873483
2011-02-02,96.52597387210298
2011-02-03,36.238065762317746
2011-02-04,11.386623945268408
2011-02-07,22.9553298181932
2011-02-08,24.53590193704882
2011-02-09,22.192208470867268
2011-02-10,58.81071928625992
2011-02-11,54.14634852184657
2011-02-14,33.68085566898726
2011-02-15,41.95812749768503
2011-02-16,13.762596643504951
2011-02-17,38.930069637522244
2011-02-18,36.524005536638846
2011-02-22,31.292019972230456
2011-02-23,33.10312049898169
2011-02-24,7.303843564744994
2011-02-25,20.041445712492607
2011-02-28,52.321258236163494
2011-03-01,34.35078745495594
2011-03-02,26.276032125596117
2011-03-03,31.2729916247476
2011-03-04,16.67364939262295
2011-03-07,12.717734166269517
2011-03-08,41.240701633608516
2011-03-09,30.22727853201265
2011-03-10,33.28453195120965
2011-03-11,15.777624663519566
2011-03-14,22.876342178523707
2011-03-15,32.44215075695924
2011-03-16,29.171086779619657
2011-03-17,34.62117455599232
2011-03-18,20.69992250929891
2011-03-21,17.7362906349646
2011-03-22,14.167502963040555
2011-03-23,14.64908968678373
2011-03-24,28.577430623296788
2011-03-25,31.439159641461806
2011-03-28,40.243483868996
2011-03-29,25.508923877732606
2011-03-30,20.680061171942132
2011-03-31,13.626147020663632
2011-04-01,13.24493896273232
2011-04-04,21.10628903071719
2011-04-05,18.479360856789086
2011-04-06,18.027248456311973
2011-04-07,15.285170963727262
2011-04-08,16.796088537837964
2011-04-11,14.673916541892613
2011-04-12,22.62722101101943
2011-04-13,28.531821881726604
2011-04-14,20.00476527098428
2011-04-15,13.867401673342039
2011-04-18,17.201490934138175
2011-04-19,57.69580895693948
2011-04-20,57.018571195584585
2011-04-21,41.32381370360777
2011-04-25,14.88891884634522
2011-04-26,62.39610717441858
2011-04-27,15.072949639067193
2011-04-28,22.357969943732968
2011-04-29,25.618963248985214
2011-05-02,19.796808290529835
2011-05-03,30.864801282372788
2011-05-04,16.656493094603917
2011-05-05,67.16065803431135
2011-05-06,6.572840278831745
2011-05-09,15.425505804057376
2011-05-10,10.529702388515018
2011-05-11,48.918742624344695
2011-05-12,17.177746243145194
2011-05-13,42.75300937130459
2011-05-16,23.250753601438777
2011-05-17,31.018705148686074
2011-05-18,12.80517711350436
2011-05-19,16.173822037880175
2011-05-20,132.0581004946088
2011-05-23,14.96552883868045
2011-05-24,10.542565925968237
2011-05-25,24.265587927892916
2011-05-26,21.37673467043611
2011-05-27,19.34901525287114
2011-05-31,45.92931903432314
2011-06-01,23.32213520360302
2011-06-02,18.09242245772257
2011-06-03,13.804362690241707
2011-06-06,15.68336442242205
2011-06-07,14.361630840256822
2011-06-08,23.46055875895287
2011-06-09,14.10095571258906
2011-06-10,15.921339314225397
2011-06-13,18.1267750884522
2011-06-14,29.658195213955587
2011-06-15,15.38181497000258
2011-06-16,16.38514198774439
2011-06-17,12.464978349025841
2011-06-20,18.392297987797072
2011-06-21,14.049660866185773
2011-06-22,17.32881388111978
2011-06-23,65.44631039157417
2011-06-24,49.50604970747662
2011-06-27,14.760671080885418
2011-06-28,25.56186337603556
2011-06-29,91.74927855966766
2011-06-30,29.161228460449035
2011-07-01,17.946587795671665
2011-07-05,15.215527733605597
2011-07-06,15.521477914114039
2011-07-07,20.62865850966102
2011-07-08,11.816550793851789
2011-07-11,8.876575949001325
2011-07-12,12.317303230888887
2011-07-13,9.21652675667063
2011-07-14,18.631345831698116
2011-07-15,8.368445558794448
2011-07-18,9.554767929332822
2011-07-19,44.08067529497989
2011-07-20,21.473167432709843
2011-07-21,98.6300289987856
2011-07-22,62.42424538623292
2011-07-25,18.129118518338544
2011-07-26,18.344361949991086
2011-07-27,33.07086637310522
2011-07-28,27.697539212382843
2011-07-29,19.64729180508419
2011-08-01,36.06904251816597
2011-08-02,19.63650403564072
2011-08-03,116.89929582917682
2011-08-04,62.39549478741885
2011-08-05,52.12425138700542
2011-08-08,87.39903271605218
2011-08-09,95.17783150634388
2011-08-10,61.92345539541669
2011-08-11,67.04755923407974
2011-08-12,58.025824842790335
2011-08-15,57.28980313936646
2011-08-16,63.151460671425255
2011-08-17,29.8867480792837
2011-08-18,49.61854677056063
2011-08-19,40.626933792756745
2011-08-22,16.387481634105633
2011-08-23,54.12739323133343
2011-08-24,38.70779406835864
2011-08-25,38.28731160999879
2011-08-26,26.62622808832697
2011-08-29,35.44104728168346
2011-08-30,18.867279317091345
2011-08-31,19.019125391185785
2011-09-01,23.222358024427663
2011-09-02,21.237595786423075
2011-09-06,27.41085337352529
2011-09-07,51.67802361399555
2011-09-08,24.735005573580118
2011-09-09,45.338317090682004
2011-09-12,25.917020195204785
2011-09-13,27.91931017847909
2011-09-14,20.98731607039893
2011-09-15,76.46018593918575
2011-09-16,40.627093028539335
2011-09-19,50.20687453403403
2011-09-20,34.45467265180506
2011-09-21,80.77662156817263
2011-09-22,67.65027857510184
2011-09-23,42.4787790483416
2011-09-26,44.18346536304223
2011-09-27,17.516961753074238
2011-09-28,27.469097079353052
2011-09-29,51.323305244150795
2011-09-30,62.49437661206606
2011-10-03,63.52994160152336
2011-10-04,87.13660653282861
2011-10-05,31.953430724116203
2011-10-06,32.34105844044026
2011-10-07,36.16762048692506
2011-10-10,28.40468641107484
2011-10-11,29.545901180598296
2011-10-12,34.87098932398384
2011-10-13,40.13740125187334
2011-10-14,24.55149721763351
2011-10-17,61.69945973107482
2011-10-18,40.151372198883
2011-10-19,47.400174176811426
2011-10-20,30.220452677159752
2011-10-21,54.930859949873515
2011-10-24,42.583136610366935
2011-10-25,139.98927558327915
2011-10-26,34.63960953997297
2011-10-27,99.3245739518481
2011-10-28,39.118532253811544
2011-10-31,32.40466778786579
2011-11-01,22.00180664260905
2011-11-02,39.22270443572706
2011-11-03,45.1057956671999
2011-11-04,19.682312758838
2011-11-07,24.216513243504295
2011-11-08,25.593459097218766
2011-11-09,31.804436901904833
2011-11-10,30.516424531483594
2011-11-11,16.261963430674378
2011-11-14,13.811112196947349
2011-11-15,22.337317383646717
2011-11-16,168.7576865057551
2011-11-17,25.197459471135048
2011-11-18,13.156088262773764
2011-11-21,60.73734874865885
2011-11-22,44.06528359837846
2011-11-23,24.45770837365017
2011-11-25,17.025466606062494
2011-11-28,34.49843925078256
2011-11-29,60.06533058614626
2011-11-30,60.61073032338328
2011-12-01,18.23356721801343
2011-12-02,40.597678673266174
2011-12-05,39.18746033905604
2011-12-06,22.734988585835787
2011-12-07,36.22556295579395
2011-12-08,29.017583537211582
2011-12-09,10.333699142274176
2011-12-12,20.57957903413199
2011-12-13,22.71953350078255
2011-12-14,58.87009307611519
2011-12-15,81.54463176883588
2011-12-16,37.298191646680436
2011-12-19,29.089672375962163
2011-12-20,23.578937360771523
2011-12-21,118.38598676979113
2011-12-22,59.623396408095424
2011-12-23,13.349635070056506
2011-12-27,14.162998319605428
2011-12-28,11.427646275159322
2011-12-29,7.772776991370116
2011-12-30,5.347947831545267
2012-01-03,41.74910751667065
2012-01-04,57.109386158646295
2012-01-05,39.621649279162995
2012-01-06,33.7214662639722
2012-01-09,26.24310606918741
2012-01-10,25.824068212969653
2012-01-11,33.85086084810729
2012-01-12,10.729450420519909
2012-01-13,32.70910784086433
2012-01-17,27.713853289236926
2012-01-18,27.95802921612729
2012-01-19,69.0680216577331
2012-01-20,31.97932929546769
2012-01-23,21.95769419941668
2012-01-24,28.564122276424488
2012-01-25,35.21781746426833
2012-01-26,76.23029350130021
2012-01-27,29.635572577400684
2012-01-30,16.124250035500225
2012-01-31,19.859725419127496
2012-02-01,17.250851391278214
2012-02-02,83.58217075368272
2012-02-03,61.18294504809936
2012-02-06,16.240054981033914
2012-02-07,14.565661197226637
2012-02-08,16.28897115149352
2012-02-09,38.44131445758797
2012-02-10,16.986807685620427
2012-02-13,17.35160548048451
2012-02-14,29.24891132973979
2012-02-15,8.515107546251858
2012-02-16,15.09733559494056
2012-02-17,140.74603070545456
2012-02-21,34.38671437360481
2012-02-22,16.50038949037023
2012-02-23,26.267013728099435
2012-02-24,31.893575552017307
2012-02-27,30.59308848341951
2012-02-28,14.23356631889653
2012-02-29,20.54603127180084
2012-03-01,45.09691126406926
2012-03-02,9.286692116469116
2012-03-05,20.80184685471878
2012-03-06,14.723411297154646
2012-03-07,19.01383032869982
2012-03-08,40.9864760385353
2012-03-09,10.675626169569066
2012-03-12,12.421279458741642
2012-03-13,25.254804082591285
2012-03-14,14.310176200345854
2012-03-15,24.689978138963806
2012-03-16,18.11719850394944
2012-03-19,14.843441711717414
2012-03-20,17.222921943797036
2012-03-21,20.86552750719415
2012-03-22,19.35807387458684
2012-03-23,17.560480431312985
2012-03-26,16.581751288312223
2012-03-27,12.849809134099608
2012-03-28,29.673170235506365
2012-03-29,17.231076769122968
2012-03-30,12.316175432417415
2012-04-02,12.196289369425047
2012-04-03,17.98790117434148
2012-04-04,21.20720761899027
2012-04-05,13.434261109921172
2012-04-09,19.76410226745452
2012-04-10,20.757242817631685
2012-04-11,56.75025589221182
2012-04-12,31.0721255662
2012-04-13,27.793566924458435
2012-04-16,24.37656769122129
2012-04-17,21.52622193514759
2012-04-18,17.980992448234858
2012-04-19,190.37412096105066
2012-04-20,22.50846682703479
2012-04-23,10.850723910010954
2012-04-24,36.37863129106915
2012-04-25,43.9706060717404
2012-04-26,26.921297007785594
2012-04-27,23.052914119952163
2012-04-30,16.4831376519631
2012-05-01,8.439573228290776
2012-05-02,17.047816969237477
2012-05-03,17.317514765866605
2012-05-04,22.384379161892912
2012-05-07,20.794809672038234
2012-05-08,23.518677651433656
2012-05-09,21.563730823513446
2012-05-10,23.90534949054005
2012-05-11,36.40683915262751
2012-05-14,18.71408330163323
2012-05-15,25.684770463206675
2012-05-16,31.598498191169664
2012-05-17,48.34956768283057
2012-05-18,25.11827465135375
2012-05-21,29.489769189127877
2012-05-22,13.773365256339615
2012-05-23,17.458532000419794
2012-05-24,24.977824751732804
2012-05-25,13.489378687949618
2012-05-29,15.964013585601215
2012-05-30,21.08919515791716
2012-05-31,25.032386377274538
2012-06-01,40.241850443708394
2012-06-04,53.916661529157494
2012-06-05,23.802343064949778
2012-06-06,32.07340257381436
2012-06-07,25.155083728839898
2012-06-08,20.149436884200068
2012-06-11,22.962908017088328
2012-06-12,49.563238658664375
2012-06-13,45.600761499113915
2012-06-14,65.03471783332995
2012-06-15,18.500948378633673
2012-06-18,31.404279068881554
2012-06-19,19.202918610121117
2012-06-20,17.078718491046512
2012-06-21,31.198116585439163
2012-06-22,28.54049197661421
2012-06-25,27.88529316306908
2012-06-26,17.38839303123667
2012-06-27,33.312218093374305
2012-06-28,26.643620808406688
2012-06-29,35.239466270588906
2012-07-02,22.31425695113936
2012-07-03,31.738837613351855
2012-07-05,30.62843289826421
2012-07-06,12.906979608608879
2012-07-09,17.226210295488364
2012-07-10,21.765397974254668
2012-07-11,25.387520572207574
2012-07-12,46.02752580915497
2012-07-13,14.478739157041002
2012-07-16,23.399645139955183
2012-07-17,28.482309104916922
2012-07-18,34.288671590683116
2012-07-19,98.5819889396129
2012-07-20,153.02222540605237
2012-07-23,38.17543956669192
2012-07-24,33.47764691194388
2012-07-25,82.72196144290233
2012-07-26,46.58542447230252
2012-07-27,34.4387199689169
2012-07-30,18.225920784029338
2012-07-31,43.500643798588314
2012-08-01,29.489117973905216
2012-08-02,210.67201760573573
2012-08-03,32.3994280040157
2012-08-06,29.981571012747196
2012-08-07,36.32898160352257
2012-08-08,22.404899682474102
2012-08-09,27.23156925143861
2012-08-10,17.581817239804092
2012-08-13,15.486552004614131
2012-08-14,20.11427652847784
2012-08-15,18.764484666629
2012-08-16,25.027242801547597
2012-08-17,20.893058676415198
2012-08-20,15.415344958765369
2012-08-21,21.96125216286971
2012-08-22,17.30548232132541
2012-08-23,35.18003014772343
2012-08-24,20.84514859153896
2012-08-27,18.33633061574288
2012-08-28,15.12644422995149
2012-08-29,17.30698150320364
2012-08-30,42.89411996375775
2012-08-31,9.141557242333437
2012-09-04,32.10479779964728
2012-09-05,57.92527138708012
2012-09-06,17.397048305901095
2012-09-07,64.01767044036264
2012-09-10,13.60900271256702
2012-09-11,23.68847691316583
2012-09-12,21.243957088652365
2012-09-13,17.126171639934086
2012-09-14,41.0263320289761
2012-09-17,39.22396253911022
2012-09-18,18.643907984426814
2012-09-19,10.022107285611844
2012-09-20,13.473875644435411
2012-09-21,17.846768637569035
2012-09-24,6.239190076054249
2012-09-25,23.965024454513863
2012-09-26,11.600275999064019
2012-09-27,20.684813361361783
2012-09-28,16.795209296637413
2012-10-01,23.776472373481933
2012-10-02,22.046166294092703
2012-10-03,30.8128193040228
2012-10-04,21.209226702358205
2012-10-05,30.197229605552412
2012-10-08,53.779955069982314
2012-10-09,35.07955382772759
2012-10-10,53.25006252897844
2012-10-11,17.432533342329478
2012-10-12,19.013357853871742
2012-10-15,34.002421384632996
2012-10-16,24.572315171479254
2012-10-17,30.280408668414356
2012-10-18,55.970766801504055
2012-10-19,84.96588560640105
2012-10-22,14.833259648574447
2012-10-23,18.222985696480137
2012-10-24,58.02945038938911
2012-10-25,38.90982307232663
2012-10-26,36.29373563424338
2012-10-31,51.80479915620535
2012-11-01,31.11498489835424
2012-11-02,16.418541637009216
2012-11-05,12.773164401935713
2012-11-06,23.838940221538998
2012-11-07,37.15637303905317
2012-11-08,42.65324796680622
2012-11-09,12.21179128919443
2012-11-12,85.78991090658329
2012-11-13,27.494862565342586
2012-11-14,22.75599678151059
2012-11-15,20.271056400028726
2012-11-16,19.402125901279188
2012-11-19,34.37745285226419
2012-11-20,8.20173095696162
2012-11-21,30.80113922744254
2012-11-23,13.902863985171093
2012-11-26,42.16890915753718
2012-11-27,14.884713212878047
2012-11-28,8.0364286802829
2012-11-29,26.674278954913852
2012-11-30,13.877961479506327
2012-12-03,18.225964005019055
2012-12-04,78.04888415847869
2012-12-05,108.30055447645675
2012-12-06,16.855771504491106
2012-12-07,8.596921532839753
2012-12-10,24.999211501362613
2012-12-11,23.45058335706586
2012-12-12,21.935071995349357
2012-12-13,22.052456052089944
2012-12-14,25.089117185664428
2012-12-17,29.121597165914498
2012-12-18,31.914258769409624
2012-12-19,31.850774980201823
2012-12-20,30.440835788439518
2012-12-21,15.841446513767576
2012-12-24,6.0774553449992075
2012-12-26,9.628453379117667
2012-12-27,5.423595135279422
2012-12-28,8.323033441296554
2012-12-31,13.032893529821855
2013-01-02,42.87414612790799
2013-01-03,31.06219290948268
2013-01-04,30.36099964891485
2013-01-07,29.598556121097094
2013-01-08,30.811208588331997
2013-01-09,27.87038043343045
2013-01-10,59.516378188142674
2013-01-11,12.530350038804082
2013-01-14,12.382302417182686
2013-01-15,18.346553059872267
2013-01-16,19.420435489014302
2013-01-17,15.700790647270404
2013-01-18,43.11817541056475
2013-01-22,30.5199519484073
2013-01-23,15.551300284842279
2013-01-24,182.9394041402182
2013-01-25,37.657162146112086
2013-01-28,31.016378796282957
2013-01-29,25.506429592861508
2013-01-30,12.227400093599925
2013-01-31,25.15463728380473
2013-02-01,39.72101018546915
2013-02-04,20.91165471268509
2013-02-05,24.08338430626784
2013-02-06,31.7593283919659
2013-02-07,23.85542649940877
2013-02-08,9.784428268545582
2013-02-11,11.874321945696856
2013-02-12,28.124808874025682
2013-02-13,14.301148380818004
2013-02-14,20.220051064269235
2013-02-15,22.61367757189563
2013-02-19,34.533867318758304
2013-02-20,19.44202817284645
2013-02-21,24.35721609906408
2013-02-22,21.754461223524135
2013-02-25,33.695764468364644
2013-02-26,44.0426830896214
2013-02-27,35.63948475582207
2013-02-28,12.325919588412098
2013-03-01,17.127145989392112
2013-03-04,29.182012910718104
2013-03-05,15.040421684500918
2013-03-06,22.776983938048357
2013-03-07,16.36693665165353
2013-03-08,15.586500046099617
2013-03-11,12.481255388429748
2013-03-12,26.3817008025033
2013-03-13,23.52837641345649
2013-03-14,13.551588294669113
2013-03-15,30.950658911537342
2013-03-18,14.86960415149223
2013-03-19,36.81075954897984
2013-03-20,67.84098771918028
2013-03-21,75.96593421031017
2013-03-22,50.830133997331274
2013-03-25,16.779519559180528
2013-03-26,16.934623571080802
2013-03-27,18.589934625469734
2013-03-28,17.52983832163824
2013-04-01,21.082656579351887
2013-04-02,27.942747947487607
2013-04-03,18.66154408618926
2013-04-04,10.54650009795757
2013-04-05,13.755802810556403
2013-04-08,26.139012124176315
2013-04-09,189.48952195401577
2013-04-10,27.309638612778745
2013-04-11,22.496456217148324
2013-04-12,21.412077391299217
2013-04-15,20.77795421867754
2013-04-16,69.91458013974167
2013-04-17,29.015700208049726
2013-04-18,87.21673680083865
2013-04-19,77.52186037927898
2013-04-22,18.535595971242753
2013-04-23,82.90081799434533
2013-04-24,55.979993403135055
2013-04-25,52.244972196275874
2013-04-26,8.674833001524854
2013-04-29,15.606938632353307
2013-04-30,16.820142604359972
2013-05-01,26.858759232601408
2013-05-02,17.4849830109341
2013-05-03,23.806369560992565
2013-05-06,20.553982360158596
2013-05-07,35.841883459199074
2013-05-08,90.58357769485394
2013-05-09,21.10979978601872
2013-05-10,27.74791341446047
2013-05-13,27.058329607315663
2013-05-14,23.70353756281766
2013-05-15,29.001203404001743
2013-05-16,22.22185230693041
2013-05-17,15.228910130475692
2013-05-20,26.300152325479605
2013-05-21,40.256090389155176
2013-05-22,48.29165177574143
2013-05-23,29.242513342787852
2013-05-24,14.901409350791583
2013-05-28,19.5922456278143
2013-05-29,29.092153643854854
2013-05-30,23.37553506363736
2013-05-31,19.55674489354859
2013-06-03,36.41549806845438
2013-06-04,30.81700599583561
2013-06-05,23.43513236799002
2013-06-06,39.373327371990044
2013-06-07,34.245487556036565
2013-06-10,27.094079873139027
2013-06-11,13.477900808767805
2013-06-12,26.236449835957135
2013-06-13,17.87038857525801
2013-06-14,11.008673171222316
2013-06-17,20.39998408247917
2013-06-18,13.165575066804772
2013-06-19,28.790533288098892
2013-06-20,31.390274929946205
2013-06-21,92.44441480409469
2013-06-24,32.02321346515221
2013-06-25,27.62408936235051
2013-06-26,21.082230412336493
2013-06-27,12.351359377657195
2013-06-28,29.766432557112104
2013-07-01,26.869305318890145
2013-07-02,11.675192010946994
2013-07-03,21.559984817209784
2013-07-05,11.834414679085521
2013-07-08,16.50131902750182
2013-07-09,37.365927320196846
2013-07-10,22.27463768641888
2013-07-11,16.614196572783264
2013-07-12,29.06227893910452
2013-07-15,24.068180292151162
2013-07-16,17.032013617842267
2013-07-17,21.562521384973714
2013-07-18,60.77833048515949
2013-07-19,46.54678100094342
2013-07-22,22.552659872390528
2013-07-23,15.432881212901501
2013-07-24,41.27268784597823
2013-07-25,32.330882786372484
2013-07-26,21.01553430321297
2013-07-29,10.858164606636649
2013-07-30,11.39091349924468
2013-07-31,24.623333471847697
2013-08-01,27.58672873242564
2013-08-02,14.786993696933035
2013-08-05,13.088650256929183
2013-08-06,18.69542513926388
2013-08-07,23.031127898301897
2013-08-08,12.706682430648364
2013-08-09,14.93150635271697
2013-08-12,13.221195353698514
2013-08-13,45.68760996840235
2013-08-14,34.83483758848356
2013-08-15,27.16983294733861
2013-08-16,12.910313995073077
2013-08-19,16.1543527881605
2013-08-20,15.687851463378863
2013-08-21,12.161725420042876
2013-08-22,16.52344117052282
2013-08-23,16.171330983945726
2013-08-26,22.956529653730367
2013-08-27,16.752349716851235
2013-08-28,10.686790955257475
2013-08-29,17.394200503802676
2013-08-30,10.322100507395751
2013-09-03,161.82581031297815
2013-09-04,18.145351434750985
2013-09-05,20.364391423328474
2013-09-06,13.773233387833372
2013-09-09,25.620656734072295
2013-09-10,14.939596865701201
2013-09-11,20.22074186215985
2013-09-12,22.0426985964269
2013-09-13,11.166141958406552
2013-09-16,19.6214375057201
2013-09-17,8.292776965572413
2013-09-18,35.79260539704423
2013-09-19,14.549500598688882
2013-09-20,20.984326431696847
2013-09-23,18.537410440654504
2013-09-24,14.235142190006737
2013-09-25,13.203991173142954
2013-09-26,32.475632040639084
2013-09-27,13.01819111949866
2013-09-30,11.693013872110024
2013-10-01,14.257858565210507
2013-10-02,13.080599140451572
2013-10-03,22.49896291762371
2013-10-04,13.634112165715088
2013-10-07,11.105273089378784
2013-10-08,20.001902598089735
2013-10-09,11.693485391765558
2013-10-10,30.424763356889237
2013-10-11,53.794310415355454
2013-10-14,13.305451213217049
2013-10-15,33.460196540651076
2013-10-16,27.299542419897904
2013-10-17,36.70456440869949
2013-10-18,98.28502058329516
2013-10-21,26.699432313717683
2013-10-22,33.28371500845453
2013-10-23,40.657143533293365
2013-10-24,16.434053732265838
2013-10-25,12.893694543135195
2013-10-28,66.7817756263297
2013-10-29,38.53405086466515
2013-10-30,37.47618777375176
2013-10-31,12.628492610496854
2013-11-01,47.48319806507516
2013-11-04,21.23553718907405
2013-11-05,11.33835860133405
2013-11-06,39.175221469015185
2013-11-07,20.34548898501039
2013-11-08,58.16900936292187
2013-11-11,9.988090451967684
2013-11-12,15.78947393583642
2013-11-13,48.41792453618096
2013-11-14,15.227264884474884
2013-11-15,28.768188386248934
2013-11-18,9.471750954715286
2013-11-19,14.358483956796453
2013-11-20,15.150519451793567
2013-11-21,17.36815027987537
2013-11-22,20.56785230773376
2013-11-25,18.807249286951524
2013-11-26,15.575724516805582
2013-11-27,13.449499907478554
2013-11-29,8.691444149666916
2013-12-02,14.26566688616787
2013-12-03,13.986134641543106
2013-12-04,15.110954226832085
2013-12-05,20.849139405376953
2013-12-06,23.786143193335317
2013-12-09,12.257197699884445
2013-12-10,18.32277005542422
2013-12-11,29.937882268973155
2013-12-12,25.290447768088523
2013-12-13,17.891360333239952
2013-12-16,12.158383980091887
2013-12-17,16.060785106299644
2013-12-18,31.767881955285286
2013-12-19,45.55028226376234
2013-12-20,17.368868532993844
2013-12-23,8.786768840292368
2013-12-24,4.2418424989859425
2013-12-26,8.77812683659966
2013-12-27,9.026498586437471
2013-12-30,7.199289175462165
2013-12-31,8.092672129331293
2014-01-02,15.539517538824741
2014-01-03,21.027138173017107
2014-01-06,18.858395628032955
2014-01-07,31.034517669859305
2014-01-08,26.27128216891181
2014-01-09,52.884249250357456
2014-01-10,10.287579003836116
2014-01-13,83.22280873494496
2014-01-14,10.274124507179726
2014-01-15,31.300805101120936
2014-01-16,21.14328014284926
2014-01-17,59.868147997987634
2014-01-21,34.78754297796425
2014-01-22,13.794724500148362
2014-01-23,68.82478477646033
2014-01-24,43.43601558951759
2014-01-27,58.24769914691685
2014-01-28,22.963663443411843
2014-01-29,25.792171301350077
2014-01-30,23.488691524244505
2014-01-31,77.87891557979967
2014-02-03,21.91772266082197
2014-02-04,18.775681963320956
2014-02-05,20.790266350061238
2014-02-06,21.81938876823527
2014-02-07,37.85105498071106
2014-02-10,29.810607623566078
2014-02-11,18.142205010029844
2014-02-12,16.32263437516367
2014-02-13,20.638431960992982
2014-02-14,34.8317651316089
2014-02-18,49.40906632445459
2014-02-19,54.48284499426583
2014-02-20,24.387682898776692
2014-02-21,12.15720563023252
2014-02-24,23.90406996347536
2014-02-25,39.60467517062994
2014-02-26,22.92572789421882
2014-02-27,21.621773451371908
2014-02-28,9.006700031169457
2014-03-03,10.085061524715782
2014-03-04,37.44710324354286
2014-03-05,13.66068124307557
2014-03-06,16.141654128476514
2014-03-07,12.36987544160792
2014-03-10,7.385432645968775
2014-03-11,39.61356229861988
2014-03-12,10.616174607035763
2014-03-13,11.50095274473373
2014-03-14,18.61166476730605
2014-03-17,13.491733347959203
2014-03-18,9.982764607235968
2014-03-19,50.98664669455576
2014-03-20,23.42813860934554
2014-03-21,62.27148931460696
2014-03-24,28.964217740598095
2014-03-25,40.894819806736145
2014-03-26,24.112965028366705
2014-03-27,13.784900925059464
2014-03-28,14.825544934601478
2014-03-31,33.14320674903996
2014-04-01,17.406670094388318
2014-04-02,10.88704365942586
2014-04-03,12.614256668252924
2014-04-04,25.6573398161543
2014-04-07,23.837705221813692
2014-04-08,30.902462691644867
2014-04-09,29.258514588515983
2014-04-10,39.07368325779387
2014-04-11,19.2671832060593
2014-04-14,22.799507564331677
2014-04-15,40.59379659869307
2014-04-16,14.947795740313822
2014-04-17,32.50548250366116
2014-04-21,16.477714693919328
2014-04-22,29.25508915084577
2014-04-23,39.262083761199264
2014-04-24,29.366367299771237
2014-04-25,22.654026795258172
2014-04-28,33.89246949149091
2014-04-29,43.993870721434476
2014-04-30,33.941298856591196
2014-05-01,16.673805197498236
2014-05-02,15.730352348924905
2014-05-05,16.491545549752047
2014-05-06,22.361973138703558
2014-05-07,142.94757111544374
2014-05-08,10.925367211958418
2014-05-09,10.923960813229863
2014-05-12,11.982886750250946
2014-05-13,11.788527676609537
2014-05-14,9.443193900838217
2014-05-15,40.24386004391288
2014-05-16,16.97555334355146
2014-05-19,12.428187274330076
2014-05-20,21.208571865595143
2014-05-21,12.507896507848114
2014-05-22,9.752721954202489
2014-05-23,7.424214657816689
2014-05-27,9.071477199293524
2014-05-28,10.245964469569053
2014-05-29,13.955231885398733
2014-05-30,9.036410894050766
2014-06-02,9.461739246387921
2014-06-03,10.580511334543981
2014-06-04,16.469157838836786
2014-06-05,11.914182817033454
2014-06-06,9.628451167327668
2014-06-09,12.58501486112832
2014-06-10,12.028263893530529
2014-06-11,15.525459706289247
2014-06-12,15.729385421209528
2014-06-13,4.884404497855439
2014-06-16,10.530228118179481
2014-06-17,13.048446877623029
2014-06-18,36.14532691958061
2014-06-19,10.818283187686571
2014-06-20,42.17448337586731
2014-06-23,12.448410494482761
2014-06-24,13.249170915919589
2014-06-25,12.739349478539067
2014-06-26,4.576556191890561
2014-06-27,11.565315618542533
2014-06-30,18.60685108755964
2014-07-01,16.597145548750284
2014-07-02,13.72971261455313
2014-07-03,4.852959474600518
2014-07-07,14.14352849150636
2014-07-08,7.423573342976737
2014-07-09,9.905240953052294
2014-07-10,13.76803839714089
2014-07-11,14.129737727920919
2014-07-14,11.13684149024238
2014-07-15,18.825346917927142
2014-07-16,16.082841321985274
2014-07-17,16.060868152229265
2014-07-18,22.945473730269985
2014-07-21,5.985843794823624
2014-07-22,88.44349467720961
2014-07-23,36.20255917106036
2014-07-24,54.304507122945424
2014-07-25,9.504452819541918
2014-07-28,12.411887786902595
2014-07-29,18.079974670827127
2014-07-30,17.918692627606692
2014-07-31,17.531533809665902
2014-08-01,13.360114374950685
2014-08-04,10.413476888983425
2014-08-05,8.203660075797723
2014-08-06,26.71747844117767
2014-08-07,14.528494866363507
2014-08-08,36.02990103350153
2014-08-11,10.97257574082715
2014-08-12,5.6930483076055785
2014-08-13,25.78824989944202
2014-08-14,10.136918172001197
2014-08-15,17.91579165689461
2014-08-18,10.154637690834727
2014-08-19,36.489921401409724
2014-08-20,18.879151465734648
2014-08-21,17.167769625239902
2014-08-22,18.152561342579407
2014-08-25,13.081872088749765
2014-08-26,7.873386286984583
2014-08-27,5.268916047693302
2014-08-28,5.097519001107498
2014-08-29,6.836441084256206
2014-09-02,17.526270376414452
2014-09-03,17.796090269082875
2014-09-04,10.154333779158755
2014-09-05,22.272082495928046
2014-09-08,7.63504490281212
2014-09-09,17.227684893083527
2014-09-10,20.151243482402766
2014-09-11,7.501966537997569
2014-09-12,19.95292699527437
2014-09-15,13.061617928141093
2014-09-16,13.77239168218371
2014-09-17,17.886887085254855
2014-09-18,7.734488633231148
2014-09-19,20.681997366696855
2014-09-22,9.563667441107482
2014-09-23,8.042143757458593
2014-09-24,10.799362545068742
2014-09-25,6.788777808849564
2014-09-26,16.262815693758494
2014-09-29,15.371087660592956
2014-09-30,42.196658778691436
2014-10-01,20.01819860876062
2014-10-02,7.699218641713225
2014-10-03,11.462553851270322
2014-10-06,21.732791224563794
2014-10-07,21.92876631223667
2014-10-08,18.80501538595231
2014-10-09,71.54431165048176
2014-10-10,32.100115603084646
2014-10-13,32.696331224262124
2014-10-14,51.51952593028278
2014-10-15,32.602981006534975
2014-10-16,68.7133192165187
2014-10-17,25.952319294852217
2014-10-20,22.688776988793297
2014-10-21,134.36782201283376
2014-10-22,18.019640668534223
2014-10-23,32.45975988279618
2014-10-24,13.549644012253065
2014-10-27,23.9836858656641
2014-10-28,35.23443412780625
2014-10-29,19.64521387719063
2014-10-30,100.52136288811312
2014-10-31,17.16154359584413
2014-11-03,13.654425885276662
2014-11-04,19.246560333138504
2014-11-05,17.38751580830054
2014-11-06,55.50619992055038
2014-11-07,30.406916563406355
2014-11-10,14.362490616395954
2014-11-11,6.843089772115499
2014-11-12,14.821812445542617
2014-11-13,18.473029179309744
2014-11-14,13.708021019270817
2014-11-17,8.338724176862012
2014-11-18,25.653432839438295
2014-11-19,17.6582987160239
2014-11-20,6.7308512166026535
2014-11-21,26.085873819511374
2014-11-24,16.417481990819198
2014-11-25,8.905149816952513
2014-11-26,8.664252422392192
2014-11-28,41.52659470356998
2014-12-01,11.86729731393843
2014-12-02,25.998177963232674
2014-12-03,25.66194682739418
2014-12-04,14.38006123996622
2014-12-05,15.653534092287469
2014-12-08,42.68191761499705
2014-12-09,42.96298007391172
2014-12-10,13.718998236857157
2014-12-11,14.73679924966891
2014-12-12,25.995037304916547
2014-12-15,25.833357607371422
2014-12-16,25.48069979902858
2014-12-17,54.5113540596385
2014-12-18,68.8579429881998
2014-12-19,24.1867373633421
2014-12-22,104.26863056739106
2014-12-23,36.017190791478214
2014-12-24,4.486505456980846
2014-12-26,7.330562693991891
2014-12-29,13.524555130332677
2014-12-30,7.543808139557406
2014-12-31,8.729285305357216
2015-01-02,9.95838806054702
2015-01-05,35.17877122393113
2015-01-06,34.210534794104966
2015-01-07,48.00057176206473
2015-01-08,22.557503747420814
2015-01-09,10.8591217876574
2015-01-12,21.721452043128657
2015-01-13,21.77117234318854
2015-01-14,43.26956055074433
2015-01-15,15.735383388050252
2015-01-16,25.10183107316612
2015-01-20,54.72016681844283
2015-01-21,35.93276175023559
2015-01-22,34.725250796656994
2015-01-23,19.256434375867176
2015-01-26,13.35865442014592
2015-01-27,40.93059982479697
2015-01-28,63.40057979176372
2015-01-29,127.07975492661711
2015-01-30,32.14458832038866
2015-02-02,34.187655931157636
2015-02-03,34.32328800526608
2015-02-04,54.25925186133027
2015-02-05,21.640924222914816
2015-02-06,39.67051714914929
2015-02-09,16.8444883521258
2015-02-10,45.90916107150724
2015-02-11,22.380194025859925
2015-02-12,42.226951642616044
2015-02-13,20.40910307083138
2015-02-17,14.888796792681916
2015-02-18,11.262847298448996
2015-02-19,19.253384763883652
2015-02-20,9.81514684922047
2015-02-23,13.381340172159327
2015-02-24,39.92240743647164
2015-02-25,38.10491485974614
2015-02-26,23.111074540323635
2015-02-27,26.162235542886364
2015-03-02,12.765477604220164
2015-03-03,11.072698716998005
2015-03-04,48.41597640627532
2015-03-05,13.795914266485664
2015-03-06,28.99961262857903
2015-03-09,9.886853596457053
2015-03-10,17.63522828540595
2015-03-11,18.020520469672434
2015-03-12,26.639940015938578
2015-03-13,21.41838423442776
2015-03-16,13.996831179969634
2015-03-17,16.630635134944328
2015-03-18,38.93663955090717
2015-03-19,18.707847637941917
2015-03-20,24.23392402998556
2015-03-23,21.433071480780065
2015-03-24,19.037852274851318
2015-03-25,16.304569048564563
2015-03-26,12.751202249910618
2015-03-27,14.966337594605053
2015-03-30,10.384019103859519
2015-03-31,12.432733457422277
2015-04-01,22.209678977733482
2015-04-02,16.378452329614376
2015-04-06,11.91154968233624
2015-04-07,15.819084550986771
2015-04-08,11.562902574818075
2015-04-09,14.713412769248722
2015-04-10,35.05882168059478
2015-04-13,12.352853042218548
2015-04-14,19.602237623771583
2015-04-15,35.62520254554051
2015-04-16,36.09152371906079
2015-04-17,19.549317607402077
2015-04-20,8.995182825039308
2015-04-21,19.1357382271896
2015-04-22,48.9877060830614
2015-04-23,19.509803292224696
2015-04-24,18.13470818789376
2015-04-27,24.53949165173916
2015-04-28,35.71410564648616
2015-04-29,18.47612930994435
2015-04-30,36.881949555144026
2015-05-01,16.22885170493055
2015-05-04,11.673106086000681
2015-05-05,10.644909328907787
2015-05-06,9.645857003593203
2015-05-07,14.208498586920449
2015-05-08,35.376310188157944
2015-05-11,16.10902383908702
2015-05-12,13.373257283616745
2015-05-13,11.060100070360537
2015-05-14,11.918836844706428
2015-05-15,19.918236138458877
2015-05-18,11.246500024244778
2015-05-19,31.57955150896657
2015-05-20,13.546404020331352
2015-05-21,11.358362543692802
2015-05-22,9.11680778847982
2015-05-26,11.47040035891601
2015-05-27,12.77140584549708
2015-05-28,21.272238356356514
2015-05-29,76.61373552993547
2015-06-01,16.292668188986042
2015-06-02,17.47989522804245
2015-06-03,12.432406317681801
2015-06-04,13.555424617700222
2015-06-05,17.155489542816213
2015-06-08,15.013531114271819
2015-06-09,40.84305471500007
2015-06-10,11.041398509793726
2015-06-11,25.252316004777448
2015-06-12,12.189478827529543
2015-06-15,12.064790148337131
2015-06-16,10.200943925882989
2015-06-17,19.221021799907486
2015-06-18,36.00686749951567
2015-06-19,13.082885925998907
2015-06-22,7.291720997852772
2015-06-23,8.22093954764255
2015-06-24,8.856776367217918
2015-06-25,19.268513007278166
2015-06-26,61.75088574668984
2015-06-29,13.017949455109925
2015-06-30,8.873652575133832
2015-07-01,13.271328588504758
2015-07-02,9.849345583312896
2015-07-06,8.309736393612983
2015-07-07,25.22254649944667
2015-07-08,7.921586665979227
2015-07-09,15.866817000090892
2015-07-10,11.225332940332594
2015-07-13,11.83331140504304
2015-07-14,30.873315390142647
2015-07-15,48.600970331967986
2015-07-16,41.98445752633233
2015-07-17,10.721844936083594
2015-07-20,27.28917561887165
2015-07-21,27.872872821835177
2015-07-22,40.33060142130354
2015-07-23,35.50815474681414
2015-07-24,34.288319610540015
2015-07-27,19.52736881150055
2015-07-28,34.7152936047939
2015-07-29,19.105864289193068
2015-07-30,29.42392878488196
2015-07-31,20.615128732682855
2015-08-03,16.77992496270366
2015-08-04,14.675921388089234
2015-08-05,35.24618913844308
2015-08-06,15.882184703727805
2015-08-07,59.97849358888014
2015-08-10,28.47490524841225
2015-08-11,34.76003288809193
2015-08-12,19.308254473624988
2015-08-13,15.906947593844137
2015-08-14,8.606951018677279
2015-08-17,9.162110117330682
2015-08-18,20.602298334912845
2015-08-19,9.267235473937287
2015-08-20,73.9877372440799
2015-08-21,32.46169571864571
2015-08-24,56.945624324967284
2015-08-25,54.36150708900397
2015-08-26,80.33257532939732
2015-08-27,171.3850619983751
2015-08-28,11.953225604486471
2015-08-31,17.07558746393879
2015-09-01,27.505297891315795
2015-09-02,21.324573811481525
2015-09-03,22.01640659228404
2015-09-04,16.0280322430482
2015-09-08,31.432994013898657
2015-09-09,22.26420846190081
2015-09-10,21.03182992787255
2015-09-11,16.436172037708833
2015-09-14,9.029819517508002
2015-09-15,13.639472715499505
2015-09-16,32.40960143321131
2015-09-17,81.88460679719262
2015-09-18,50.97542670028925
2015-09-21,22.180405047805344
2015-09-22,10.372131884575433
2015-09-23,15.453852548451906
2015-09-24,46.453069306751935
2015-09-25,27.53563874179053
2015-09-28,61.161273238602206
2015-09-29,22.94007292089211
2015-09-30,51.97471542752714
2015-10-01,22.157563265996473
2015-10-02,40.85648723227738
2015-10-05,44.44966047713733
2015-10-06,46.69951987275501
2015-10-07,40.47330778909088
2015-10-08,34.678498937573714
2015-10-09,26.620370877095745
2015-10-12,95.5507768908099
2015-10-13,12.748038041408263
2015-10-14,30.727140125419943
2015-10-15,29.299894999499468
2015-10-16,16.207405469091615
2015-10-19,21.41182400434941
2015-10-20,42.876032020206985
2015-10-21,28.89483808240968
2015-10-22,179.17783565468994
2015-10-23,31.743092762721503
2015-10-26,14.935979609352996
2015-10-27,23.401576986647832
2015-10-28,35.03335819433304
2015-10-29,32.984188551054835
2015-10-30,40.961505630486265
2015-11-02,17.201302511376355
2015-11-03,20.002227380471272
2015-11-04,14.237047009612093
2015-11-05,143.4730495015226
2015-11-06,94.94446113561658
2015-11-09,14.10818917671398
2015-11-10,25.327868396269306
2015-11-11,92.81702526655832
2015-11-12,19.506174391125676
2015-11-13,32.433747908415896
2015-11-16,31.931024533373392
2015-11-17,38.093357151741856
2015-11-18,82.44991758406766
2015-11-19,22.07369919741296
2015-11-20,102.06001147066651
2015-11-23,26.175867399805867
2015-11-24,23.91198206227415
2015-11-25,8.960036880268754
2015-11-27,7.33014411689465
2015-11-30,36.19486563922527
2015-12-01,40.25897194109909
2015-12-02,42.25907766673927
2015-12-03,16.542298549829457
2015-12-04,33.90959951551826
2015-12-07,23.214874765158996
2015-12-08,33.467589578146374
2015-12-09,24.666251811766397
2015-12-10,28.981105475503437
2015-12-11,16.89810114707866
2015-12-14,33.22721870908234
2015-12-15,25.374990352604833
2015-12-16,20.415965434364065
2015-12-17,54.408948718315095
2015-12-18,24.3091430580442
2015-12-21,22.1242568055987
2015-12-22,31.10321250162359
2015-12-23,54.04320068006855
2015-12-24,5.746248713808124
2015-12-28,19.23778604571798
2015-12-29,6.48357630514707
2015-12-30,4.801265301623358
2015-12-31,8.293701030084337
2016-01-04,55.52443507443443
2016-01-05,39.96176290774729
2016-01-06,44.90149313476695
2016-01-07,65.61488577907424
2016-01-08,94.69566687377998
2016-01-11,137.82245653290366
2016-01-12,20.079657501671214
2016-01-13,65.12751769567703
2016-01-14,85.79054159775838
2016-01-15,57.40430294625993
2016-01-19,61.27608179770569
2016-01-20,45.33997712684382
2016-01-21,53.96305602949959
2016-01-22,53.29819660336273
2016-01-25,31.112493678529233
2016-01-26,81.7025232893687
2016-01-27,64.22194360732865
2016-01-28,190.75985145080045
2016-01-29,94.76847167314747
2016-02-01,41.69535819565079
2016-02-02,40.90933874199857
2016-02-03,75.6604654070338
2016-02-04,97.602805422553
2016-02-05,101.48690314949674
2016-02-08,65.7621106463436
2016-02-09,39.22826522190246
2016-02-10,27.32246006598225
2016-02-11,30.300059424106593
2016-02-12,57.17351057670563
2016-02-16,59.28315207244093
2016-02-17,60.194233367836674
2016-02-18,61.144823794568644
2016-02-19,20.55482615979888
2016-02-22,58.88227746913214
2016-02-23,34.0179776385747
2016-02-24,24.886506996021232
2016-02-25,15.481791433429512
2016-02-26,27.277165269095505
2016-02-29,17.44321355062496
2016-03-01,27.7844382928367
2016-03-02,70.92232704955592
2016-03-03,20.920766237362294
2016-03-04,19.698458938402933
2016-03-07,31.082954387629485
2016-03-08,42.46981985192501
2016-03-09,25.004910225501796
2016-03-10,15.783230215327709
2016-03-11,19.10025868057462
2016-03-14,14.539355925214117
2016-03-15,33.54083722676852
2016-03-16,49.27875373923343
2016-03-17,159.55057855004893
2016-03-18,26.19247802113997
2016-03-21,15.157271823031266
2016-03-22,13.51615068309149
2016-03-23,44.98475320456456
2016-03-24,16.868167864013106
2016-03-28,8.637186331995286
2016-03-29,20.254206739328804
2016-03-30,12.689656916190488
2016-03-31,6.195153799949407
2016-04-01,32.8359531888739
2016-04-04,16.62603599478038
2016-04-05,17.28516114647399
2016-04-06,18.668923558263202
2016-04-07,35.51993022827241
2016-04-08,98.08516262476267
2016-04-11,14.593368702471098
2016-04-12,17.482797757749463
2016-04-13,28.68689831611399
2016-04-14,14.56616211864896
2016-04-15,13.628167606979789
2016-04-18,13.207634288213404
2016-04-19,50.05224446129493
2016-04-20,56.90259272004933
2016-04-21,38.31224136358634
2016-04-22,16.69275004922809
2016-04-25,13.40511633703656
2016-04-26,32.38604653256767
2016-04-27,52.10148413508826
2016-04-28,31.255082430019378
2016-04-29,82.22058395171256
2016-05-02,16.40103618228303
2016-05-03,28.76345383685114
2016-05-04,16.356116716030133
2016-05-05,21.99326764377152
2016-05-06,13.876912880034093
2016-05-09,36.4898451962044
2016-05-10,84.37410525725754
2016-05-11,166.20620585404848
2016-05-12,23.792119201307614
2016-05-13,85.45980441805922
2016-05-16,25.46918326602576
2016-05-17,26.301426474433903
2016-05-18,39.71523343934877
2016-05-19,29.03876743684811
2016-05-20,32.58722342287156
2016-05-23,10.476010757200601
2016-05-24,15.841227784827295
2016-05-25,18.21075368822951
2016-05-26,14.25246701007485
2016-05-27,13.24510714343917
2016-05-31,15.15586395038284
2016-06-01,14.070964101881346
2016-06-02,34.10873443351761
2016-06-03,26.1928905781128
2016-06-06,20.353730426509006
2016-06-07,18.09421048372338
2016-06-08,11.23353865486348
2016-06-09,23.42530897017681
2016-06-10,14.501743587863986
2016-06-13,17.2917985316826
2016-06-14,15.335086392426375
2016-06-15,21.07466849242663
2016-06-16,18.404487471607446
2016-06-17,33.267419607809416
2016-06-20,14.587590942821828
2016-06-21,10.795001315375066
2016-06-22,28.624789506149266
2016-06-23,21.069815495312945
2016-06-24,65.247970832639
2016-06-27,33.65586242137093
2016-06-28,27.46014415872642
2016-06-29,28.159061131401074
2016-06-30,41.19469748840184
2016-07-01,30.333726390286003
2016-07-05,25.480019640246965
2016-07-06,19.584712042828382
2016-07-07,34.064687274447984
2016-07-08,15.762731147250761
2016-07-11,9.815058668412814
2016-07-12,31.429250725579465
2016-07-13,15.430396208399396
2016-07-14,15.482058234432117
2016-07-15,13.757746112654525
2016-07-18,7.209699838462008
2016-07-19,47.59193106292139
2016-07-20,8.801240086723677
2016-07-21,103.82410497218322
2016-07-22,22.327580491626577
2016-07-25,20.453013771821634
2016-07-26,98.88594310419252
2016-07-27,44.16699972729644
2016-07-28,20.615688994218974
2016-07-29,15.828383696444805
2016-08-01,16.42656368717577
2016-08-02,38.16908405600869
2016-08-03,11.99637621883486
2016-08-04,23.103937628916867
2016-08-05,430.2859424879188
2016-08-08,24.259250349376398
2016-08-09,26.13129101738885
2016-08-10,12.164525559644414
2016-08-11,112.32413973238458
2016-08-12,15.635547516034137
2016-08-15,12.301955404934755
2016-08-16,24.96907042834437
2016-08-17,16.526552744489305
2016-08-18,11.661178682244419
2016-08-19,21.19024330729729
2016-08-22,6.890192675780273
2016-08-23,8.115619245933914
2016-08-24,22.92768009887692
2016-08-25,12.105760452456007
2016-08-26,14.923039406639893
2016-08-29,7.893305182016701
2016-08-30,30.327423882903783
2016-08-31,16.434349515478264
2016-09-01,9.115744869025262
2016-09-02,10.62323158383061
2016-09-06,15.473360121708255
2016-09-07,31.049907022599047
2016-09-08,11.883660890927835
2016-09-09,26.134806976584876
2016-09-12,23.698179398445625
2016-09-13,18.969455688328555
2016-09-14,13.85052448354988
2016-09-15,11.699308792921524
2016-09-16,21.39365731590381
2016-09-19,18.949526621686193
2016-09-20,12.825689613154452
2016-09-21,48.25387255713776
2016-09-22,12.273078422838061
2016-09-23,10.583505973335662
2016-09-26,14.347866410950152
2016-09-27,18.37714115529272
2016-09-28,37.933074194328476
2016-09-29,44.90311807695073
2016-09-30,17.06577006751916
2016-10-03,14.49973617472999
2016-10-04,9.880968076893383
2016-10-05,20.737194834660286
2016-10-06,14.9599683180622
2016-10-07,124.0377867294256
2016-10-10,124.79220408908412
2016-10-11,17.261807509559286
2016-10-12,14.945208791090925
2016-10-13,14.432734530723343
2016-10-14,14.16169098492464
2016-10-17,11.790306163036949
2016-10-18,68.6124692714724
2016-10-19,19.097451649451763
2016-10-20,74.87005759841423
2016-10-21,34.51254835673354
2016-10-24,19.378378570993295
2016-10-25,102.62569346533485
2016-10-26,41.50449316034399
2016-10-27,58.73437793814739
2016-10-28,40.97143984216716
2016-10-31,17.1488238656896
2016-11-01,17.4871456433342
2016-11-02,13.691706901841547
2016-11-03,44.651322877589465
2016-11-04,18.663129751990134
2016-11-07,18.221473927919256
2016-11-08,19.167286350741954
2016-11-09,165.15175480590213
2016-11-10,131.99291699844716
2016-11-11,250.64725060464374
2016-11-14,91.09259600082399
2016-11-15,36.16833513578422
2016-11-16,29.407161451454392
2016-11-17,18.59523259912064
2016-11-18,138.7193686704983
2016-11-21,18.92951912321112
2016-11-22,38.483102588380675
2016-11-23,158.1949730889666
2016-11-25,10.977950411112483
2016-11-28,21.929969349852218
2016-11-29,16.537233864831574
2016-11-30,31.695013491602523
2016-12-01,46.41489683504779
2016-12-02,33.78694203339361
2016-12-05,31.27783041655669
2016-12-06,39.87808942623493
2016-12-07,46.12112278490709
2016-12-08,21.276658368827455
2016-12-09,22.641501288849234
2016-12-12,62.33839057322582
2016-12-13,20.909749861120666
2016-12-14,37.55910304887371
2016-12-15,36.97705436680196
2016-12-16,73.82577934080233
2016-12-19,15.74679434547225
2016-12-20,12.691773994469234
2016-12-21,14.72884274328349
2016-12-22,54.16420692412696
2016-12-23,10.00306406087765
2016-12-27,15.77437959095582
2016-12-28,13.06064168252885
2016-12-29,7.967896187147106
2016-12-30,7.674785296347061
2017-01-03,47.98627046803644
2017-01-04,25.95160539862635
2017-01-05,89.49387962744504
2017-01-06,16.435819693064822
2017-01-09,22.119642832878068
2017-01-10,32.285710661760874
2017-01-11,53.26373720875533
2017-01-12,18.83893745479385
2017-01-13,8.000153305925718
2017-01-17,25.373258791800726
2017-01-18,10.024709991550322
2017-01-19,13.382882210930658
2017-01-20,162.3274410081774
2017-01-23,111.2590116502508
2017-01-24,72.17761412654971
2017-01-25,30.51222325395073
2017-01-26,73.1122970369722
2017-01-27,39.75432323551545
2017-01-30,16.989434429251986
2017-01-31,25.66844513240445
2017-02-01,16.416706655951394
2017-02-02,40.92150588913726
2017-02-03,53.72279629240215
2017-02-06,14.921457548676822
2017-02-07,13.138914197679702
2017-02-08,46.43337498147584
2017-02-09,26.48129798035122
2017-02-10,28.739729247912564
2017-02-13,24.797962466368695
2017-02-14,20.788194272529026
2017-02-15,19.992046148654147
2017-02-16,17.27421847503807
2017-02-17,9.082940950596717
2017-02-21,18.42225482640108
2017-02-22,12.324724132790722
2017-02-23,62.99286750140325
2017-02-24,15.260639693460531
2017-02-27,16.399620810495072
2017-02-28,9.287029588329968
2017-03-01,20.17305724598857
2017-03-02,28.67945080036095
2017-03-03,15.135968592289146
2017-03-06,11.751221399043246
2017-03-07,10.120282672892785
2017-03-08,16.524962321046967
2017-03-09,15.526586186161428
2017-03-10,4.359945128879185
2017-03-13,18.149379450506146
2017-03-14,5.336550677050122
2017-03-15,19.283482436062428
2017-03-16,35.95993095705655
2017-03-17,19.87094930940809
2017-03-20,27.186012354548875
2017-03-21,21.214068516819562
2017-03-22,15.213997421358085
2017-03-23,14.183961986453014
2017-03-24,13.689639420108977
2017-03-27,10.271402390531605
2017-03-28,9.738656104469504
2017-03-29,13.358986825272346
2017-03-30,11.89283950637141
2017-03-31,8.752041880423572
2017-04-03,6.569311445020778
2017-04-04,30.43455920217823
2017-04-05,7.947707774086602
2017-04-06,13.577418261776002
2017-04-07,4.385843574742122
2017-04-10,12.246704640953789
2017-04-11,9.688666138376053
2017-04-12,31.401950833934425
2017-04-13,12.951635871190577
2017-04-17,31.996336104400886
2017-04-18,39.31818741852323
2017-04-19,10.90929323981354
2017-04-20,29.330068735281387
2017-04-21,15.675987684965845
2017-04-24,22.136070133084488
2017-04-25,115.52532918118307
2017-04-26,15.751119941312734
2017-04-27,31.377890165507743
2017-04-28,13.046132613271425
2017-05-01,12.17508101057807
2017-05-02,17.87029669703066
2017-05-03,38.89043705739127
2017-05-04,18.881700772908136
2017-05-05,12.628337082268619
2017-05-08,8.665320391006551
2017-05-09,9.247189908409945
2017-05-10,124.8384335953882
2017-05-11,127.67648523504576
2017-05-12,14.849638012778563
2017-05-15,35.57136453798832
2017-05-16,13.814525536283048
2017-05-17,31.3562393868815
2017-05-18,15.859192817394554
2017-05-19,24.475220639870876
2017-05-22,14.047831504084831
2017-05-23,12.816793167162594
2017-05-24,18.060966154904776
2017-05-25,10.090454159688507
2017-05-26,10.204937763424502
2017-05-30,18.62657610734332
2017-05-31,11.207730010493579
2017-06-01,13.954849921344524
2017-06-02,13.871911849826178
2017-06-05,29.364200823823197
2017-06-06,37.5478783085386
2017-06-07,16.686929804097936
2017-06-08,26.6628821759995
2017-06-09,41.65491370502413
2017-06-12,21.538606029613415
2017-06-13,10.479316128764745
2017-06-14,9.41152551326301
2017-06-15,13.925407876361472
2017-06-16,9.157211303236432
2017-06-19,13.855976160889751
2017-06-20,32.025237817927426
2017-06-21,29.040525086371378
2017-06-22,73.35024647574632
2017-06-23,27.619937998564488
2017-06-26,7.150434535777257
2017-06-27,20.202980789805178
2017-06-28,13.805787935428018
2017-06-29,21.01453002951884
2017-06-30,11.590932376031532
2017-07-03,20.18194794039244
2017-07-05,13.360280125889746
2017-07-06,10.36434641023443
2017-07-07,14.196860707935615
2017-07-10,46.2187080759118
2017-07-11,10.326802858804465
2017-07-12,17.48473474825353
2017-07-13,24.990339865599474
2017-07-14,10.19997972643184
2017-07-17,12.722028686145558
2017-07-18,42.12463343780981
2017-07-19,8.053091467103487
2017-07-20,53.928274731266875
2017-07-21,15.06824124938571
2017-07-24,21.313905262862544
2017-07-25,105.53455993263287
2017-07-26,22.708721173716672
2017-07-27,138.92680295804647
2017-07-28,26.444536356303814
2017-07-31,20.707715941284473
2017-08-01,10.22932658058348
2017-08-02,21.428669584638133
2017-08-03,15.95416076568094
2017-08-04,14.066106198187656
2017-08-07,9.873982816491727
2017-08-08,10.708787354540783
2017-08-09,16.918292657320364
2017-08-10,46.87190667940252
2017-08-11,16.193403978780637
2017-08-14,23.282274102325626
2017-08-15,21.937806278207987
2017-08-16,21.47715055419373
2017-08-17,17.468833406689555
2017-08-18,8.11313735567919
2017-08-21,14.51743016890452
2017-08-22,15.091524990232278
2017-08-23,13.050065052251279
2017-08-24,7.5221021043637775
2017-08-25,10.31118997320285
2017-08-28,7.221020141296587
2017-08-29,9.608458221646021
2017-08-30,41.69123005297507
2017-08-31,11.77644107296197
2017-09-01,15.422717952105566
2017-09-05,26.30139934466719
2017-09-06,44.41737954303611
2017-09-07,39.41236196678468
2017-09-08,38.2608483593293
2017-09-11,19.9572310877149
2017-09-12,46.29653850598784
2017-09-13,13.947729401438826
2017-09-14,14.159683178784787
2017-09-15,75.49359488587889
2017-09-18,22.687476824678317
2017-09-19,17.63275338410739
2017-09-20,25.655589997048175
2017-09-21,16.000918490106525
2017-09-22,16.559718645682533
2017-09-25,28.3247290447503
2017-09-26,10.779618970434365
2017-09-27,27.405096883103944
2017-09-28,22.801561363234164
2017-09-29,14.02069322288868
2017-10-02,29.411272293002405
2017-10-03,20.207442785827258
2017-10-04,10.459501088359806
2017-10-05,11.751798428632153
2017-10-06,10.905753062514574
2017-10-09,11.508436574852222
2017-10-10,13.237563103441873
2017-10-11,24.244180799305045
2017-10-12,19.21806383576744
2017-10-13,19.757729479028036
2017-10-16,18.66041366829282
2017-10-17,50.59407999638378
2017-10-18,14.880087040489604
2017-10-19,11.016024282807006
2017-10-20,18.845992232763642
2017-10-23,23.491012611540935
2017-10-24,35.71286454246084
2017-10-25,71.69587883484556
2017-10-26,97.25538601154676
2017-10-27,115.32491672341747
2017-10-30,61.12287272741806
2017-10-31,59.71539975758771
2017-11-01,26.981120697805366
2017-11-02,23.375391865932446
2017-11-03,104.8836011317722
2017-11-06,34.442561548898475
2017-11-07,18.372706354044197
2017-11-08,19.614039166622987
2017-11-09,71.75192705368829
2017-11-10,25.594105162029475
2017-11-13,21.333585262508063
2017-11-14,23.81882059765641
2017-11-15,16.050771958901947
2017-11-16,11.627909992173658
2017-11-17,42.6816918056286
2017-11-20,23.234695672503978
2017-11-21,11.973102626407357
2017-11-22,18.47800181840862
2017-11-24,6.971181170978494
2017-11-27,11.472331593769654
2017-11-28,28.529451428616895
2017-11-29,99.75283407043555
2017-11-30,26.186155222497995
2017-12-01,14.749408403076897
2017-12-04,89.95236553555583
2017-12-05,36.11276902782798
2017-12-06,25.116878120473263
2017-12-07,25.935322687776203
2017-12-08,16.185409900765148
2017-12-11,15.114360679056437
2017-12-12,26.75067480254653
2017-12-13,25.073721463241796
2017-12-14,19.175194510062504
2017-12-15,30.531037106105774
2017-12-18,24.679338228809033
2017-12-19,14.09444908962965
2017-12-20,24.587611331449466
2017-12-21,18.431410325207978
2017-12-22,4.659233940860825
2017-12-26,17.377998285688243
2017-12-27,11.437667168077775
2017-12-28,7.363738864016868
2017-12-29,7.337813935303579
2018-01-02,50.57343907345843
2018-01-03,47.39084861377688
2018-01-04,24.37126786838415
2018-01-05,15.85290210956906
2018-01-08,13.320695428245472
2018-01-09,31.69847592946023
2018-01-10,26.601125969959984
2018-01-11,21.755245424836147
2018-01-12,13.63272309697928
2018-01-16,105.52761103148269
2018-01-17,19.036084840909805
2018-01-18,10.454202552113644
2018-01-19,17.09586888744176
2018-01-22,28.53285044455064
2018-01-23,70.15605735769911
2018-01-24,23.83413836000332
2018-01-25,19.99490512934079
2018-01-26,30.600370831617216
2018-01-29,37.61560341765321
2018-01-30,28.66837960618458
2018-01-31,84.28977743211405
2018-02-01,132.3707274215978
2018-02-02,25.31144280508331
2018-02-05,89.41814050224059
2018-02-06,72.02448981537408
2018-02-07,77.55619235089296
2018-02-08,55.532097753449804
2018-02-09,53.16203140979874
2018-02-12,28.562820893591375
2018-02-13,22.49516771710097
2018-02-14,111.4612265350822
2018-02-15,41.222323522646
2018-02-16,39.898915000785266
2018-02-20,34.644667534596536
2018-02-21,24.383751330063554
2018-02-22,21.63632947764814
2018-02-23,22.89418679782837
2018-02-26,33.73563545260062
2018-02-27,36.279548361280305
2018-02-28,29.408278318088403
2018-03-01,29.86521279529875
2018-03-02,99.10320973715726
2018-03-05,29.24737180279072
2018-03-06,25.845634071705113
2018-03-07,17.082061614978606
2018-03-08,33.642331523666535
2018-03-09,24.307197052332775
2018-03-12,34.23615083695706
2018-03-13,34.238041668753894
2018-03-14,11.174785616821891
2018-03-15,17.973791362206214
2018-03-16,17.297531843388228
2018-03-19,40.388346995563644
2018-03-20,91.60863972186176
2018-03-21,19.00609742844094
2018-03-22,35.3738846967131
2018-03-23,46.3823460545936
2018-03-26,26.665346928692646
2018-03-27,24.134021661962848
2018-03-28,28.88418112399911
2018-03-29,22.06478653241154
2018-04-02,33.53506326830266
2018-04-03,26.09812371331597
2018-04-04,21.82789155048391
2018-04-05,22.016729339166073
2018-04-06,16.38351382770405
2018-04-09,37.012923319604624
2018-04-10,27.006534344038883
2018-04-11,10.16808022224794
2018-04-12,20.99902557081447
2018-04-13,18.923536752797073
2018-04-16,89.89825640392634
2018-04-17,35.73737632783072
2018-04-18,48.39855927728833
2018-04-19,34.93888793143869
2018-04-20,36.441556955604625
2018-04-23,24.837434721177598
2018-04-24,106.07208812238743
2018-04-25,32.58211923126118
2018-04-26,228.70217423890398
2018-04-27,58.9215569897006
2018-04-30,115.59167768901624
2018-05-01,45.23883888654598
2018-05-02,53.36790643035957
2018-05-03,18.937712597033208
2018-05-04,25.785994863103955
2018-05-07,27.341568548668143
2018-05-08,19.329209489542293
2018-05-09,22.589817889641534
2018-05-10,23.747231236061676
2018-05-11,24.706190302372352
2018-05-14,22.030621363249786
2018-05-15,23.076774096689153
2018-05-16,65.80492994266625
2018-05-17,26.318404709490633
2018-05-18,9.311340910645017
2018-05-21,23.66106868338773
2018-05-22,34.98170351009121
2018-05-23,21.43394310471806
2018-05-24,17.789734014698993
2018-05-25,104.37626905213794
2018-05-29,33.57456786413422
2018-05-30,9.290058845205124
2018-05-31,26.47648903676497
2018-06-01,15.792781500147836
2018-06-04,42.92278179692909
2018-06-05,50.05157647336153
2018-06-06,17.88650044982441
2018-06-07,45.45415748597334
2018-06-08,10.60171300551706
2018-06-11,21.67855110865686
2018-06-12,14.722413033381573
2018-06-13,30.705860148449993
2018-06-14,30.808926787300223
2018-06-15,23.84395423818229
2018-06-18,18.343525448734685
2018-06-19,34.416730170468334
2018-06-20,61.16499639372234
2018-06-21,27.775388361920253
2018-06-22,43.61959096324955
2018-06-25,40.80257895892106
2018-06-26,15.563442028605406
2018-06-27,24.615762537131495
2018-06-28,42.03799545917
2018-06-29,31.076065160800695
2018-07-02,17.175955666502528
2018-07-03,17.826083107526344
2018-07-05,21.493053460824637
2018-07-06,11.343410125423677
2018-07-09,30.93124613955981
2018-07-10,49.020569904131136
2018-07-11,20.978770358975783
2018-07-12,20.139914766690612
2018-07-13,23.253903337645774
2018-07-16,19.56335613748582
2018-07-17,47.4860280704883
2018-07-18,19.0217727664173
2018-07-19,72.93736389413812
2018-07-20,10.001935876472535
2018-07-23,22.63734550050847
2018-07-24,42.55120381613678
2018-07-25,32.07679745537592
2018-07-26,73.52582724554689
2018-07-27,45.69867309951771
2018-07-30,41.255575770542194
2018-07-31,53.02486506628889
2018-08-01,29.937899492669573
2018-08-02,24.89326359706137
2018-08-03,9.21241972881047
2018-08-06,11.822187827374437
2018-08-07,23.362818139375246
2018-08-08,21.32801855957893
2018-08-09,8.246488361117583
2018-08-10,10.257740917245469
2018-08-13,6.654909465704866
2018-08-14,27.734840451284494
2018-08-15,151.8347440154525
2018-08-16,28.233953784258624
2018-08-17,28.52665409656364
2018-08-20,29.879821578658255
2018-08-21,15.15138174501311
2018-08-22,15.927386485062883
2018-08-23,11.458027581181794
2018-08-24,46.4384822732564
2018-08-27,22.095441108029547
2018-08-28,17.623796629237937
2018-08-29,7.731817049678689
2018-08-30,33.004917905861554
2018-08-31,9.757675172962127
2018-09-04,28.33032199462953
2018-09-05,32.56280530243291
2018-09-06,41.4379350359783
2018-09-07,10.938000155951366
2018-09-10,22.272851541111436
2018-09-11,13.582704827503882
2018-09-12,24.052282206444282
2018-09-13,31.948085370800314
2018-09-14,13.725578193687184
2018-09-17,22.133458511607923
2018-09-18,50.185468694351975
2018-09-19,20.131311496795615
2018-09-20,24.522958942593142
2018-09-21,27.823764430409927
2018-09-24,20.49388607579862
2018-09-25,30.767339248726547
2018-09-26,15.817211337521691
2018-09-27,7.994616619575255
2018-09-28,16.27568289666284
2018-10-01,18.850192593268364
2018-10-02,46.11298320899828
2018-10-03,14.516243454623567
2018-10-04,50.06695832507081
2018-10-05,14.990048860753154
2018-10-08,16.65973698935222
2018-10-09,20.24992353897529
2018-10-10,41.637977742787484
2018-10-11,62.954096602312255
2018-10-12,35.6501607900305
2018-10-15,18.279813082869786
2018-10-16,34.74529119065361
2018-10-17,63.93582919874081
2018-10-18,63.2131884270828
2018-10-19,67.77810694421377
2018-10-22,59.05055861211366
2018-10-23,147.98369628579766
2018-10-24,83.44835272758466
2018-10-25,40.37645375448216
2018-10-26,73.0649198865555
2018-10-29,103.52573644153888
2018-10-30,55.64992515742223
2018-10-31,93.46893301056647
2018-11-01,46.32190157834382
2018-11-02,23.16706767188408
2018-11-05,31.16632653821239
2018-11-06,30.68302188031895
2018-11-07,41.06063278980171
2018-11-08,51.07200251775839
2018-11-09,37.869927899439865
2018-11-12,38.5924777932859
2018-11-13,22.78023615403178
2018-11-14,33.70970723334986
2018-11-15,33.342810991386166
2018-11-16,125.60421082350415
2018-11-19,69.87697431496463
2018-11-20,30.710893890927306
2018-11-21,50.504817576824074
2018-11-23,18.22136826634431
2018-11-26,29.025321393580512
2018-11-27,41.26697544029559
2018-11-28,36.01123490072298
2018-11-29,24.720884256983695
2018-11-30,49.09644798256092
2018-12-03,56.53457101790691
2018-12-04,44.80719544899512
2018-12-06,35.48827938310765
2018-12-07,33.94885907943692
2018-12-10,64.35176998306463
2018-12-11,23.274178699130772
2018-12-12,25.518397556939874
2018-12-13,24.22483414973879
2018-12-14,259.2126295391249
2018-12-17,34.97383709369009
2018-12-18,22.577996014383444
2018-12-19,135.8385740282617
2018-12-20,43.202946739770624
2018-12-21,35.93024864252995
2018-12-24,50.647702331834125
2018-12-26,39.918790899837035
2018-12-27,20.56586776464459
2018-12-28,19.789261822026866
2018-12-31,15.172103209644469
2019-01-02,23.541420275232884
2019-01-03,177.71907830892113
2019-01-04,48.058939247864345
2019-01-07,51.47656357186063
2019-01-08,45.9122866889948
2019-01-09,34.39385907145486
2019-01-10,153.89249335417443
2019-01-11,11.137288424282682
2019-01-14,15.613568761544926
2019-01-15,33.721227421153635
2019-01-16,25.94613281118176
2019-01-17,36.20802234905046
2019-01-18,29.32424464450014
2019-01-22,57.19698541755629
2019-01-23,32.19570995546648
2019-01-24,79.66998777663179
2019-01-25,37.21956211654837
2019-01-28,114.704156408182
2019-01-29,42.80495718136985
2019-01-30,25.536123670848042
2019-01-31,51.04258659574116
2019-02-01,33.031655040286644
2019-02-04,33.708885932531246
2019-02-05,15.717446012820577
2019-02-06,66.98688902608693
2019-02-07,68.96340028016525
2019-02-08,88.97817638308294
2019-02-11,16.179216282704402
2019-02-12,40.52638079296891
2019-02-13,19.83516897479358
2019-02-14,147.2633376906073
2019-02-15,57.826780308939846
2019-02-19,25.55215090609271
2019-02-20,18.516750233029278
2019-02-21,25.24992405362001
2019-02-22,20.098420598344333
2019-02-25,12.556747134460792
2019-02-26,14.485404451297697
2019-02-27,23.28282790267041
2019-02-28,12.945089605831043
2019-03-01,135.54745335831157
2019-03-04,33.43499586292483
2019-03-05,9.686140883816961
2019-03-06,24.531168190207758
2019-03-07,31.003295598363
2019-03-08,11.92636670945369
2019-03-11,47.56548017162158
2019-03-12,11.122425613175501
2019-03-13,9.14128607960973
2019-03-14,18.879969592483928
2019-03-15,18.6795911933281
2019-03-18,18.814162264833463
2019-03-19,18.900445587664244
2019-03-20,27.812025930254826
2019-03-21,42.952962861976545
2019-03-22,34.546036143563555
2019-03-25,13.603395666461635
2019-03-26,14.533718222900731
2019-03-27,13.738726281096934
2019-03-28,20.31653557729589
2019-03-29,16.3201083541472
2019-04-01,21.26781160901557
2019-04-02,18.237495808448177
2019-04-03,23.9826233293869
2019-04-04,30.372494001103217
2019-04-05,11.687855183162947
2019-04-08,7.907938718504128
2019-04-09,10.932541904729613
2019-04-10,16.906109086221306
2019-04-11,24.44509722373009
2019-04-12,43.99632510297371
2019-04-15,22.173771144403
2019-04-16,349.05953100635566
2019-04-17,176.76413324174808
2019-04-18,15.415683543964128
2019-04-22,17.80442973640388
2019-04-23,75.31745352039543
2019-04-24,37.46731267151057
2019-04-25,70.2680203860555
2019-04-26,29.51277904809999
2019-04-29,7.074891472214441
2019-04-30,29.60111834513825
2019-05-01,22.40998632315395
2019-05-02,14.816159084501969
2019-05-03,32.27254542469166
2019-05-06,9.693868896881321
2019-05-07,15.652806693498148
2019-05-08,6.8197161509860065
2019-05-09,10.543136284201848
2019-05-10,17.139527973062094
2019-05-13,26.221936819989384
2019-05-14,18.915391389346823
2019-05-15,13.883963251702351
2019-05-16,26.163774801093464
2019-05-17,20.88456131827748
2019-05-20,38.275839229434354
2019-05-21,16.841017229046916
2019-05-22,95.90392984208141
2019-05-23,28.246146521296755
2019-05-24,16.17487237932205
2019-05-28,20.71304786378971
2019-05-29,56.54594354371201
2019-05-30,23.996585121252657
2019-05-31,63.729128063852
2019-06-03,50.631295464308344
2019-06-04,28.208174006534964
2019-06-05,27.999539973712405
2019-06-06,24.343594518052658
2019-06-07,15.631574100621657
2019-06-10,64.91643459602967
2019-06-11,27.07039928682511
2019-06-12,37.59395117250434
2019-06-13,27.310088198984282
2019-06-14,14.048359576764977
2019-06-17,11.856578590121355
2019-06-18,28.879962841912242
2019-06-19,7.228259954446429
2019-06-20,60.61010766953504
2019-06-21,19.273824757544514
2019-06-24,82.94788578975243
2019-06-25,17.971556837771494
2019-06-26,54.40700698567282
2019-06-27,13.540248899447292
2019-06-28,13.194209521635392
2019-07-01,20.339840394633708
2019-07-02,26.591134830399834
2019-07-03,20.106740985681167
2019-07-05,16.346291453761076
2019-07-08,12.464783722393722
2019-07-09,15.97615185716566
2019-07-10,27.683982667715348
2019-07-11,44.4642747904471
2019-07-12,69.2904312351396
2019-07-15,11.527677228741926
2019-07-16,27.591725258265424
2019-07-17,19.122931147204092
2019-07-18,27.4586905553371
2019-07-19,28.128378778635035
2019-07-22,20.24823978454858
2019-07-23,90.89004767719223
2019-07-24,65.02805747022653
2019-07-25,65.13005728311875
2019-07-26,20.47423124767208
2019-07-29,24.874990171288783
2019-07-30,13.972205943656471
2019-07-31,33.87951806945699
2019-08-01,57.698783198560804
2019-08-02,20.67655787515751
2019-08-05,33.9250518788214
2019-08-06,20.991387886062594
2019-08-07,25.25511261085094
2019-08-08,17.634092755727213
2019-08-09,23.405791015581656
2019-08-12,15.577759631304948
2019-08-13,16.32048392834489
2019-08-14,62.94951749708541
2019-08-15,40.56432465539843
2019-08-16,28.00561451826473
2019-08-19,21.041446962443654
2019-08-20,57.463019680229806
2019-08-21,11.374260714528466
2019-08-22,14.76333382875881
2019-08-23,23.15471346427023
2019-08-26,27.27283650622782
2019-08-27,27.500011086128264
2019-08-28,21.12730784561897
2019-08-29,17.596772562681096
2019-08-30,6.287439294400277
2019-09-03,15.37675030244542
2019-09-04,17.40846228849889
2019-09-05,39.99219466537874
2019-09-06,11.645122749311026
2019-09-09,77.73162329212819
2019-09-10,101.09939837528776
2019-09-11,24.570117911538233
2019-09-12,36.29043306384152
2019-09-13,12.307976446809393
2019-09-16,26.31240887634688
2019-09-17,18.687360921922792
2019-09-18,144.39503672820445
2019-09-19,17.841888738991265
2019-09-20,27.199466239028407
2019-09-23,15.786857904511647
2019-09-24,11.002758432803368
2019-09-25,18.15493375301519
2019-09-26,21.58427972332833
2019-09-27,45.52169362763408
2019-09-30,12.434289125734674
2019-10-01,27.140872731863556
2019-10-02,63.25945442902989
2019-10-03,36.91371209167885
2019-10-04,17.15148088032114
2019-10-07,15.087828246545406
2019-10-08,14.65847219174321
2019-10-09,25.618980639286733
2019-10-10,16.708045060472777
2019-10-11,38.241671878826224
2019-10-14,6.531944036713048
2019-10-15,25.716237120009104
2019-10-16,22.83558005547325
2019-10-17,18.231287650389575
2019-10-18,168.5670914904016
2019-10-21,14.214613918621797
2019-10-22,102.9431044428297
2019-10-23,33.744229003661445
2019-10-24,166.27307083726944
2019-10-25,53.255653922654375
2019-10-28,27.92233697937023
2019-10-29,26.453578783371196
2019-10-30,33.50844329154827
2019-10-31,16.965898534204282
2019-11-01,44.5504352233233
2019-11-04,53.53035849191951
2019-11-05,42.63438103984758
2019-11-06,23.410567211730953
2019-11-07,46.44999659250843
2019-11-08,53.813546887618266
2019-11-11,15.279976807206877
2019-11-12,9.627222830224333
2019-11-13,20.03119818088085
2019-11-14,8.326858281046615
2019-11-15,35.43868072062244
2019-11-18,17.37116776106504
2019-11-19,76.80711568559725
2019-11-20,24.44229630437248
2019-11-21,9.746939984752721
2019-11-22,27.391172691694585
2019-11-25,16.391953169237464
2019-11-26,19.368521105562934
2019-11-27,7.352087021251416
2019-11-29,5.974183275472051
2019-12-02,15.352871727355334
2019-12-03,23.46055967504026
2019-12-04,15.33058829699688
2019-12-05,10.189052323727989
2019-12-06,7.7978723559434835
2019-12-09,19.65704126458599
2019-12-10,10.657483523873042
2019-12-11,22.935587929063054
2019-12-12,28.91028511051186
2019-12-13,25.419167327984255
2019-12-16,13.648744086849817
2019-12-17,21.252876109325577
2019-12-18,115.47452538518134
2019-12-19,19.542014699881317
2019-12-20,15.543532334441151
2019-12-23,13.91355594888773
2019-12-24,3.0439934773587374
2019-12-26,6.907149535163216
2019-12-27,4.255586338392383
2019-12-30,7.3851988354803275
2019-12-31,4.259878550356182
2020-01-02,32.823318653550444
2020-01-03,28.19509722650022
2020-01-06,20.057054580961488
2020-01-07,45.879569690839745
2020-01-08,15.568554120420009
2020-01-09,27.277219552382757
2020-01-10,10.151318259398979
2020-01-13,18.74808378078157
2020-01-14,43.367154112534486
2020-01-15,25.601881841534514
2020-01-16,26.285703971984777
2020-01-17,24.276409183188456
2020-01-21,20.23742357063925
2020-01-22,16.63261541304399
2020-01-23,15.344320959625643
2020-01-24,24.625833453082596
2020-01-27,25.341211585028606
2020-01-28,15.196838934033467
2020-01-29,28.472424987607457
2020-01-30,29.47087039788837
2020-01-31,16.68424883646622
2020-02-03,42.2269496746173
2020-02-04,37.164552793681544
2020-02-05,62.826054706885635
2020-02-06,24.0125995851889
2020-02-07,61.31892957740022
2020-02-10,17.97909941000904
2020-02-11,21.37784021970519
2020-02-12,27.850267771933765
2020-02-13,14.195774994888989
2020-02-14,29.025580263016522
2020-02-18,17.6832293352612
2020-02-19,20.366757856810676
2020-02-20,32.407778985730054
2020-02-21,44.95674878790975
2020-02-24,57.81276290017214
2020-02-25,51.83948075439795
2020-02-26,68.7489863151597
2020-02-27,59.96197555208063
2020-02-28,99.72228588624759
2020-03-02,121.86964213418982
2020-03-03,52.88731150820516
2020-03-04,116.91734738793568
2020-03-05,60.688777571985035
2020-03-06,53.594603579358186
2020-03-09,161.9919980730269
2020-03-10,165.76835402169337
2020-03-11,164.7402184178671
2020-03-12,343.59041071171185
2020-03-13,449.5046014984884
2020-03-16,649.8143218675831
2020-03-17,578.2783001805276
2020-03-18,651.0076763336309
2020-03-19,721.409272848793
2020-03-20,450.8064809756658
2020-03-23,608.7341888010374
2020-03-24,923.8614632071227
2020-03-25,490.63171607584985
2020-03-26,352.17736703797397
2020-03-27,87.5757138643807
2020-03-30,206.337573072784
2020-03-31,146.7061517962733
2020-04-01,171.35980575434684
2020-04-02,120.519892093098
2020-04-03,106.37897102028997
2020-04-06,285.80461753343656
2020-04-07,74.47660036884228
2020-04-08,113.84473112490606
2020-04-09,243.93030195353109
2020-04-13,147.43115078599868
2020-04-14,128.31785958549278
2020-04-15,94.34000652512006
2020-04-16,89.44860848467445
2020-04-17,130.80524055596584
2020-04-20,83.67780074752683
2020-04-21,42.58156808554179
2020-04-22,153.98976389358452
2020-04-23,54.479605605691866
2020-04-24,69.32975788073172
2020-04-27,123.89324964191924
2020-04-28,118.41651395099987
2020-04-29,104.87378700346731
2020-04-30,69.49438691546594
2020-05-01,64.27898091360852
2020-05-04,39.832461008752006
2020-05-05,72.45815102817403
2020-05-06,28.67402074818509
2020-05-07,43.47964895126357
2020-05-08,57.24068856460727
2020-05-11,51.66792968138208
2020-05-12,29.909261464883134
2020-05-13,56.49132784843105
2020-05-14,69.07010249646943
2020-05-15,105.69643575828962
2020-05-18,164.67032643892327
2020-05-19,57.19393480932468
2020-05-20,83.24974801858366
2020-05-21,79.89318442009527
2020-05-22,22.071000168551482
2020-05-26,237.43082947363297
2020-05-27,275.40738824491336
2020-05-28,84.01322202463687
2020-05-29,88.5532846135898
2020-06-01,113.10495269614572
2020-06-02,69.29591907324206
2020-06-03,136.61005702206762
2020-06-04,96.84543938393311
2020-06-05,45.40346656249733
2020-06-08,107.44497883825765
2020-06-09,73.46984350805677
2020-06-10,153.7921183698779
2020-06-11,120.28946874367445
2020-06-12,64.07917593510166
